<?xml version="1.0" encoding="UTF-8"?>

<dotnet-components xmlns="http://www.appistry.com/ns/component" xmlns:xsi="http://www.w3.org/2001/XMLSchema-instance"
                   xsi:schemaLocation="http://www.appistry.com/ns/component eaf-component.xsd">
	<component name="DashboardService">
		<class name="IFS.BusinessLayer.CloudServices.DashboardService, IFS.BusinessLayer" />
	</component>
	<component name="ReportTransactionsService">
		<class name="IFS.BusinessLayer.CloudServices.Reports.ReportTransactionsService, IFS.BusinessLayer" />
	</component>
	<component name="ReportSidePocketsService">
		<class name="IFS.BusinessLayer.CloudServices.Reports.ReportSidePocketsService, IFS.BusinessLayer" />
	</component>
  <component name="HistoricalTransactionsReportService">
    <class name="IFS.BusinessLayer.CloudServices.Reports.HistoricalTransactionsReportService, IFS.BusinessLayer"/>
  </component>
  <component name="ReportFundOfFundsService">
    <class name="IFS.BusinessLayer.CloudServices.Reports.ReportFundOfFundsService, IFS.BusinessLayer"/>
  </component>
  <component name="ReportCustodyService">
    <class name="IFS.BusinessLayer.CloudServices.Reports.ReportCustodyService, IFS.BusinessLayer"/>
  </component>
  <component name="ReportIaAndFofService">
    <class name="IFS.BusinessLayer.CloudServices.Reports.ReportIaAndFofService, IFS.BusinessLayer"/>
  </component>
  <component name="ReportCashProjectionService">
    <class name="IFS.BusinessLayer.CloudServices.Reports.ReportCashProjectionService, IFS.BusinessLayer"/>
  </component>
  <component name="ReportQuotesService">
    <class name="IFS.BusinessLayer.CloudServices.Reports.ReportQuotesService, IFS.BusinessLayer"/>
  </component>
  <component name="CommonService">
    <class name="IFS.BusinessLayer.CloudServices.CommonService, IFS.BusinessLayer" />
  </component>
  <component name="ReportHoldingsService">
    <class name="IFS.BusinessLayer.CloudServices.Reports.ReportHoldingsService, IFS.BusinessLayer" />
  </component>
  <component name="CacheService">
    <class name="IFS.BusinessLayer.CloudServices.CacheService, IFS.BusinessLayer" />
  </component>
  <component name="ReportLiquidityService">
    <class name="IFS.BusinessLayer.CloudServices.Reports.ReportLiquidityService, IFS.BusinessLayer" />
  </component>
  <component name="ReportMvComparisonService">
    <class name="IFS.BusinessLayer.CloudServices.Reports.ReportMvComparisonService, IFS.BusinessLayer" />
  </component>
  <component name="ReportInvestmentAnalysisService">
    <class name="IFS.BusinessLayer.CloudServices.Reports.ReportInvestmentAnalysisService, IFS.BusinessLayer"/>
  </component>
  <component name="ReportPricingComparisonService">
    <class name="IFS.BusinessLayer.CloudServices.Reports.ReportPricingComparisonService, IFS.BusinessLayer"/>
  </component>
  <component name="ReportPricingHistoryService">
    <class name="IFS.BusinessLayer.CloudServices.Reports.ReportPricingHistoryService, IFS.BusinessLayer"/>
  </component>
  <component name="ReportHistoricalReturnsService">
    <class name="IFS.BusinessLayer.CloudServices.Reports.ReportHistoricalReturnsService, IFS.BusinessLayer" />
  </component>
  <component name="ReportPriceVarianceService">
    <class name="IFS.BusinessLayer.CloudServices.Reports.ReportPriceVarianceService, IFS.BusinessLayer"/>
  </component>
  <component name="ReportPriceVarianceLockedDownService">
    <class name="IFS.BusinessLayer.CloudServices.Reports.ReportPriceVarianceLockedDownService, IFS.BusinessLayer"/>
  </component>
  <component name="ReportGsmOfferPriceChangeService">
    <class name="IFS.BusinessLayer.CloudServices.Reports.ReportGsmOfferPriceChangeService, IFS.BusinessLayer"/>
  </component>
  <component name="ReportContactsService">
    <class name="IFS.BusinessLayer.CloudServices.Reports.ReportContactsService, IFS.BusinessLayer"/>
  </component>
  <component name="ReportGlobalContactsService">
    <class name="IFS.BusinessLayer.CloudServices.Reports.ReportGlobalContactsService, IFS.BusinessLayer"/>
  </component>
  <component name="ReportCorporateActionTrackerService">
    <class name="IFS.BusinessLayer.CloudServices.Reports.ReportCorporateActionTrackerService, IFS.BusinessLayer"/>
  </component>
  <component name="ReportPvtEqtyControlService">
    <class name="IFS.BusinessLayer.CloudServices.Reports.ReportPvtEqtyControlService, IFS.BusinessLayer"/>
  </component>
  <component name="ReportBenchmarkPerformanceService">
    <class name="IFS.BusinessLayer.CloudServices.Reports.ReportBenchmarkPerformanceService, IFS.BusinessLayer"/>
  </component>
  <component name="ReportCreditService">
    <class name="IFS.BusinessLayer.CloudServices.Reports.ReportCreditService, IFS.BusinessLayer"/>
  </component>
  <component name="ReportQuarterlyService">
    <class name="IFS.BusinessLayer.CloudServices.Reports.ReportQuarterlyService, IFS.BusinessLayer" />
  </component>
  <component name="ReportCpExceptionService">
    <class name="IFS.BusinessLayer.CloudServices.Reports.ReportCpExceptionService, IFS.BusinessLayer" />
  </component>
  <component name="ReportGsmCpExceptionService">
    <class name="IFS.BusinessLayer.CloudServices.Reports.ReportGsmCpExceptionService, IFS.BusinessLayer" />
  </component>
  <component name="ReportHomepageService">
    <class name="IFS.BusinessLayer.CloudServices.Reports.ReportHomepageService, IFS.BusinessLayer" />
  </component>
  <component name="HedgeFundTradeService">
    <class name="IFS.BusinessLayer.CloudServices.Trades.HedgeFundTradeService, IFS.BusinessLayer" />
  </component>
  <component name="PvtEquityTradeService">
    <class name="IFS.BusinessLayer.CloudServices.Trades.PvtEquityTradeService, IFS.BusinessLayer" />
  </component>
	<component name="MergedEstimateRecReportService">
		<class name="IFS.BusinessLayer.CloudServices.Reports.MergedEstimateRecReportService, IFS.BusinessLayer"/>
	</component>
	<component name="MergedFinalRecReport">
		<class name="IFS.BusinessLayer.CloudServices.Reports.MergedFinalRecReport, IFS.BusinessLayer"/>
	</component>
  <component name="ReportTradeBlotterComponent">
    <class name="IFS.BusinessLayer.CloudServices.Reports.ReportTradeBlotterService, IFS.BusinessLayer"/>
  </component>
  <component name="ReportCorporateActionTrackerScheduledService">
    <class name="IFS.BusinessLayer.CloudServices.Reports.ReportCorporateActionTrackerScheduledService, IFS.BusinessLayer"/>
  </component>
  <component name="CashDistributionTradeService">
    <class name="IFS.BusinessLayer.CloudServices.Trades.CashDistributionTradeService, IFS.BusinessLayer" />
  </component>
  <component name="SubscriptionService">
    <class name="IFS.BusinessLayer.CloudServices.Trades.SubscriptionService, IFS.BusinessLayer"/>
  </component>
  <component name="RedemptionService">
    <class name="IFS.BusinessLayer.CloudServices.Trades.RedemptionService, IFS.BusinessLayer"/>
  </component>
  <component name="WebfolioService">
    <class name="IFS.BusinessLayer.CloudServices.Webfolio.WebfolioService, IFS.BusinessLayer"/>
  </component>
  <component name="WebfolioTradeUploadService">
    <class name="IFS.BusinessLayer.CloudServices.Webfolio.WebfolioTradeUploadService, IFS.BusinessLayer"/>
  </component>
  <component name="WebfolioTradeDownloadService">
    <class name="IFS.BusinessLayer.CloudServices.Webfolio.WebfolioTradeDownloadService, IFS.BusinessLayer"/>
  </component>
  <component name="PvtEquitySubscriptionService">
    <class name="IFS.BusinessLayer.CloudServices.Trades.PvtEquitySubscriptionService, IFS.BusinessLayer"/>
  </component>
  <component name="FeesAndTermsBulkService">
    <class name="IFS.BusinessLayer.CloudServices.FeesAndTermsBulkService, IFS.BusinessLayer"/>
  </component>
  <component name="ClientSpecificSecurityReportService">
    <class name="IFS.BusinessLayer.CloudServices.Reports.ClientSpecificSecurityReportService, IFS.BusinessLayer"/>
  </component>
  <component name="HoldingsReportHelperService">
    <class name="IFS.BusinessLayer.CloudServices.Reports.HoldingsReportHelperService, IFS.BusinessLayer"/>
  </component>
  <component name="DetailsNightlyService">
    <class name="IFS.BusinessLayer.CloudServices.Reports.DetailsNightlyService, IFS.BusinessLayer"/>
  </component>
  <component name="PriceEntryDetailsReportService">
    <class name="IFS.BusinessLayer.CloudServices.Reports.PriceEntryDetailsReportService, IFS.BusinessLayer"/>
  </component>
  <component name="BenchmarkFilesUploadService">
    <class name="IFS.BusinessLayer.CloudServices.Reports.BenchmarkFilesUploadService, IFS.BusinessLayer"/>
  </component>
  <component name="FXLoaderService">
    <class name="IFS.BusinessLayer.CloudServices.FXLoaderService, IFS.BusinessLayer"/>
  </component>
</dotnet-components>
