<?xml version="1.0" encoding="utf-8" ?>
<objects xmlns="http://www.springframework.net">

  <!--Business layer on cloud use these implementations-->
  <object id="commonService" type="IFS.BusinessLayer.CloudServices.CommonService, IFS.BusinessLayer" lazy-init="true" />
  <object id="dashboardService" type="IFS.BusinessLayer.CloudServices.DashboardService, IFS.BusinessLayer" lazy-init="true" />
  <object id="reportTransactionsService" type="IFS.BusinessLayer.CloudServices.Reports.ReportTransactionsService, IFS.BusinessLayer" lazy-init="true" />
  <object id="historicalTransactionsReport" type="IFS.BusinessLayer.CloudServices.Reports.HistoricalTransactionsReportService, IFS.BusinessLayer" lazy-init="true" />
  <object id="reportSidePocketsService" type="IFS.BusinessLayer.CloudServices.Reports.ReportSidePocketsService, IFS.BusinessLayer" lazy-init="true" />
  <object id="reportFundOfFundsService" type="IFS.BusinessLayer.CloudServices.Reports.ReportFundOfFundsService, IFS.BusinessLayer" lazy-init="true" />
  <object id="reportCustodyService" type="IFS.BusinessLayer.CloudServices.Reports.ReportCustodyService, IFS.BusinessLayer" lazy-init="true" />
  <object id="reportIaAndFofService" type="IFS.BusinessLayer.CloudServices.Reports.ReportIaAndFofService, IFS.BusinessLayer" lazy-init="true" />
  <object id="reportCashProjectionService" type="IFS.BusinessLayer.CloudServices.Reports.ReportCashProjectionService, IFS.BusinessLayer" lazy-init="true" />
  <object id="reportQuotesService" type="IFS.BusinessLayer.CloudServices.Reports.ReportQuotesService, IFS.BusinessLayer" lazy-init="true" />
  <object id="reportHoldingsService" type="IFS.BusinessLayer.CloudServices.Reports.ReportHoldingsService, IFS.BusinessLayer" lazy-init="true" />  
  <object id="cacheService" type="IFS.BusinessLayer.CloudServices.CacheService, IFS.BusinessLayer" lazy-init="true" />
  <object id="reportLiquidityService" type="IFS.BusinessLayer.CloudServices.Reports.ReportLiquidityService, IFS.BusinessLayer" lazy-init="true" />
  <object id="reportMvComparisonService" type="IFS.BusinessLayer.CloudServices.Reports.ReportMvComparisonService, IFS.BusinessLayer" lazy-init="true" />
  <object id="reportInvestmentAnalysisService" type="IFS.BusinessLayer.CloudServices.Reports.ReportInvestmentAnalysisService, IFS.BusinessLayer" lazy-init="true" />
  <object id="reportPricingComparisonService" type="IFS.BusinessLayer.CloudServices.Reports.ReportPricingComparisonService, IFS.BusinessLayer" lazy-init="true" />
  <object id="reportHistoricalReturnsService" type="IFS.BusinessLayer.CloudServices.Reports.ReportHistoricalReturnsService, IFS.BusinessLayer" lazy-init="true" />
  <object id="reportPriceVarianceService" type="IFS.BusinessLayer.CloudServices.Reports.ReportPriceVarianceService, IFS.BusinessLayer" lazy-init="true" />
  <object id="reportPricingHistoryService" type="IFS.BusinessLayer.CloudServices.Reports.ReportPricingHistoryService, IFS.BusinessLayer" lazy-init="true" />
  <object id="reportPriceVarianceLockedDownService" type="IFS.BusinessLayer.CloudServices.Reports.ReportPriceVarianceLockedDownService, IFS.BusinessLayer" lazy-init="true" />
  <object id="reportGsmOfferPriceChangeService" type="IFS.BusinessLayer.CloudServices.Reports.ReportGsmOfferPriceChangeService, IFS.BusinessLayer" lazy-init="true" />
  <object id="reportContactsService" type="IFS.BusinessLayer.CloudServices.Reports.ReportContactsService, IFS.BusinessLayer" lazy-init="true" />
  <object id="reportGlobalContactsService" type="IFS.BusinessLayer.CloudServices.Reports.ReportGlobalContactsService, IFS.BusinessLayer" lazy-init="true" />
  <object id="reportCorporateActionTrackerService" type="IFS.BusinessLayer.CloudServices.Reports.ReportCorporateActionTrackerService, IFS.BusinessLayer" lazy-init="true" />
  <object id="reportCorporateActionTrackerScheduledService" type="IFS.BusinessLayer.CloudServices.Reports.ReportCorporateActionTrackerScheduledService, IFS.BusinessLayer" lazy-init="true" />
  <object id="reportPvtEqtyControlService" type="IFS.BusinessLayer.CloudServices.Reports.ReportPvtEqtyControlService, IFS.BusinessLayer" lazy-init="true" />
  <object id="reportBenchmarkPerformanceService" type="IFS.BusinessLayer.CloudServices.Reports.ReportBenchmarkPerformanceService, IFS.BusinessLayer" lazy-init="true" />
  <object id="reportCreditService" type="IFS.BusinessLayer.CloudServices.Reports.ReportCreditService, IFS.BusinessLayer" lazy-init="true" />
  <object id="reportQuarterlyService" type="IFS.BusinessLayer.CloudServices.Reports.ReportQuarterlyService, IFS.BusinessLayer" lazy-init="true" />
  <object id="reportCpExceptionService" type="IFS.BusinessLayer.CloudServices.Reports.ReportCpExceptionService, IFS.BusinessLayer" lazy-init="true" />
  <object id="reportHomepageService" type="IFS.BusinessLayer.CloudServices.Reports.ReportHomepageService, IFS.BusinessLayer" lazy-init="true" />
  <object id="tradeHedgeFundService" type="IFS.BusinessLayer.CloudServices.Trades.HedgeFundTradeService, IFS.BusinessLayer" lazy-init="true" />
  <object id="tradePvtEqtyFundService" type="IFS.BusinessLayer.CloudServices.Trades.PvtEquityTradeService, IFS.BusinessLayer" lazy-init="true" />
  <object id="tradeCashDistributionService" type="IFS.BusinessLayer.CloudServices.Trades.CashDistributionTradeService, IFS.BusinessLayer" lazy-init="true" />
  <object id="reportGsmCpExceptionService" type="IFS.BusinessLayer.CloudServices.Reports.ReportGsmCpExceptionService, IFS.BusinessLayer" lazy-init="true" />
  <object id="reportMergedEstimateRecReport" type="IFS.BusinessLayer.CloudServices.Reports.MergedEstimateRecReportService, IFS.BusinessLayer" lazy-init="true" />
	<object id="reportMergedFinalRecReport" type="IFS.BusinessLayer.CloudServices.Reports.MergedFinalRecReport, IFS.BusinessLayer" lazy-init="true" />
  <object id="reportTradeBlotterService" type="IFS.BusinessLayer.CloudServices.Reports.ReportTradeBlotterService, IFS.BusinessLayer" lazy-init="true" />
  <object id="subscriptionService" type="IFS.BusinessLayer.CloudServices.Trades.SubscriptionService, IFS.BusinessLayer" lazy-init="true" />
  <object id="redemptionService" type="IFS.BusinessLayer.CloudServices.Trades.RedemptionService, IFS.BusinessLayer" lazy-init="true" />
  <object id="webfolioService" type="IFS.BusinessLayer.CloudServices.Webfolio.WebfolioService, IFS.BusinessLayer" lazy-init="true" />
  <object id="webfolioTradeUploadService" type="IFS.BusinessLayer.CloudServices.Webfolio.WebfolioTradeUploadService, IFS.BusinessLayer" lazy-init="true" />
  <object id="webfolioTradeDownloadService" type="IFS.BusinessLayer.CloudServices.Webfolio.WebfolioTradeDownloadService, IFS.BusinessLayer" lazy-init="true" />
  <object id="pvtEquitySubscriptionService" type="IFS.BusinessLayer.CloudServices.Trades.PvtEquitySubscriptionService, IFS.BusinessLayer" lazy-init="true" />
  <object id="feesAndTermsBulkService" type="IFS.BusinessLayer.CloudServices.FeesAndTermsBulkService, IFS.BusinessLayer" lazy-init="true" />
  <object id="reportClientSpecificSecurityService" type="IFS.BusinessLayer.CloudServices.Reports.ClientSpecificSecurityReportService, IFS.BusinessLayer" lazy-init="true" />
  <object id="reportHoldingsHelperService" type="IFS.BusinessLayer.CloudServices.Reports.HoldingsReportHelperService, IFS.BusinessLayer" lazy-init="true" />
  <object id="reportServiceDetailsNightly" type="IFS.BusinessLayer.CloudServices.Reports.DetailsNightlyService, IFS.BusinessLayer" lazy-init="true" />
  <object id="reportPriceEntryDetailsService" type="IFS.BusinessLayer.CloudServices.Reports.PriceEntryDetailsReportService, IFS.BusinessLayer" lazy-init="true" />
  <object id="reportBenchmarkFilesUpload" type="IFS.BusinessLayer.CloudServices.Reports.BenchmarkFilesUploadService, IFS.BusinessLayer" lazy-init="true" />
  <object id="fXLoaderService" type="IFS.BusinessLayer.CloudServices.FXLoaderService, IFS.BusinessLayer" lazy-init="true" />
</objects>
