<?xml version="1.0" encoding="utf-8" ?>
<objects xmlns="http://www.springframework.net">

	<!--Business layer on cloud use these implementations-->
  <object id="commonService" type="IFS.CloudProxies.CommonServiceProxy, IFS.CloudProxies" lazy-init="true" />
	<object id="dashboardService" type="IFS.CloudProxies.DashboardServiceProxy, IFS.CloudProxies" lazy-init="true" />
  <object id="reportTransactionsService" type="IFS.CloudProxies.Reports.ReportTransactionsServiceProxy, IFS.CloudProxies" lazy-init="true" />
  <object id="historicalTransactionsReport" type="IFS.CloudProxies.Reports.HistoricalTransactionsReportServiceProxy, IFS.CloudProxies" lazy-init="true" />
  <object id="reportSidePocketsService" type="IFS.CloudProxies.Reports.ReportSidePocketsServiceProxy, IFS.CloudProxies" lazy-init="true" />
  <object id="reportFundOfFundsService" type="IFS.CloudProxies.Reports.ReportFundOfFundsProxy, IFS.CloudProxies" lazy-init="true" />
  <object id="reportCustodyService" type="IFS.CloudProxies.Reports.ReportCustodyServiceProxy, IFS.CloudProxies" lazy-init="true" />
  <object id="reportIaAndFofService" type="IFS.CloudProxies.Reports.ReportIaAndFofProxy, IFS.CloudProxies" lazy-init="true" />
  <object id="reportCashProjectionService" type="IFS.CloudProxies.Reports.ReportCashProjectionProxy, IFS.CloudProxies" lazy-init="true" />
  <object id="reportQuotesService" type="IFS.CloudProxies.Reports.ReportQuotesServiceProxy, IFS.CloudProxies" lazy-init="true" />
  <object id="reportHoldingsService" type="IFS.CloudProxies.Reports.ReportHoldingsServiceProxy, IFS.CloudProxies" lazy-init="true" />
  <object id="cacheService" type="IFS.CloudProxies.CacheServiceProxy, IFS.CloudProxies" lazy-init="true" />
  <object id="reportLiquidityService" type="IFS.CloudProxies.Reports.ReportLiquidityServiceProxy, IFS.CloudProxies" lazy-init="true" />
  <object id="reportInvestmentAnalysisService" type="IFS.CloudProxies.Reports.ReportInvestmentAnalysisProxy, IFS.CloudProxies" lazy-init="true" />
  <object id="reportPricingComparisonService" type="IFS.CloudProxies.Reports.ReportPricingComparisonServiceProxy, IFS.CloudProxies" lazy-init="true" />
  <object id="reportHistoricalReturnsService" type="IFS.CloudProxies.Reports.ReportHistoricalReturnsServiceProxy, IFS.CloudProxies" lazy-init="true" />
  <object id="reportMvComparisonService" type="IFS.CloudProxies.Reports.ReportMvComparisonServiceProxy, IFS.CloudProxies" lazy-init="true" />
  <object id="reportPriceVarianceService" type="IFS.CloudProxies.Reports.ReportPriceVarianceProxy, IFS.CloudProxies" lazy-init="true" />
  <object id="reportPricingHistoryService" type="IFS.CloudProxies.Reports.ReportPricingHistoryServiceProxy, IFS.CloudProxies" lazy-init="true" />
  <object id="reportPriceVarianceLockedDownService" type="IFS.CloudProxies.Reports.ReportPriceVarianceLockedDownProxy, IFS.CloudProxies" lazy-init="true" />
  <object id="reportGsmOfferPriceChangeService" type="IFS.CloudProxies.Reports.ReportGsmOfferPriceChangeServiceProxy, IFS.CloudProxies" lazy-init="true" />
  <object id="reportContactsService" type="IFS.CloudProxies.Reports.ReportContactsProxy, IFS.CloudProxies" lazy-init="true" />
  <object id="reportGlobalContactsService" type="IFS.CloudProxies.Reports.ReportGlobalContactsProxy, IFS.CloudProxies" lazy-init="true" />
  <object id="reportCorporateActionTrackerService" type="IFS.CloudProxies.Reports.ReportCorporateActionTrackerServiceProxy, IFS.CloudProxies" lazy-init="true" />
  <object id="reportCorporateActionTrackerScheduledService" type="IFS.CloudProxies.Reports.ReportCorporateActionTrackerScheduledServiceProxy, IFS.CloudProxies" lazy-init="true" />
  <object id="reportPvtEqtyControlService" type="IFS.CloudProxies.Reports.ReportPvtEqtyControlServiceProxy, IFS.CloudProxies" lazy-init="true" />
  <object id="reportBenchmarkPerformanceService" type="IFS.CloudProxies.Reports.ReportBenchmarkPerformanceServiceProxy, IFS.CloudProxies" lazy-init="true" />
  <object id="reportCreditService" type="IFS.CloudProxies.Reports.ReportCreditServiceProxy, IFS.CloudProxies" lazy-init="true" />  
  <object id="reportQuarterlyService" type="IFS.CloudProxies.Reports.ReportQuarterlyServiceProxy, IFS.CloudProxies" lazy-init="true" />
  <object id="reportCpExceptionService" type="IFS.CloudProxies.Reports.ReportCpExceptionServiceProxy, IFS.CloudProxies" lazy-init="true" />
  <object id="reportHomepageService" type="IFS.CloudProxies.Reports.ReportHomepageServiceProxy, IFS.CloudProxies" lazy-init="true" />
  <object id="tradeHedgeFundService" type="IFS.CloudProxies.Trades.HedgeFundTradeServiceProxy, IFS.CloudProxies" lazy-init="true" />
  <object id="tradePvtEqtyFundService" type="IFS.CloudProxies.Trades.PvtEquityTradeServiceProxy, IFS.CloudProxies" lazy-init="true" />
  <object id="tradeCashDistributionService" type="IFS.CloudProxies.Trades.CashDistributionTradeServiceProxy, IFS.CloudProxies" lazy-init="true" />
  <object id="reportGsmCpExceptionService" type="IFS.CloudProxies.Reports.ReportGsmCpExceptionServiceProxy, IFS.CloudProxies" lazy-init="true" />
  <object id="reportMergedEstimateRecReport" type="IFS.CloudProxies.Reports.MergedEstimateRecReportProxy, IFS.CloudProxies" lazy-init="true" />
	<object id="reportMergedFinalRecReport" type="IFS.CloudProxies.Reports.MergedFinalRecReportProxy, IFS.CloudProxies" lazy-init="true" />
  <object id="reportTradeBlotterService" type="IFS.CloudProxies.Reports.ReportTradeBlotterProxy, IFS.CloudProxies" lazy-init="true" />
  <object id="subscriptionService" type="IFS.CloudProxies.Trades.SubscriptionServiceProxy, IFS.CloudProxies" lazy-init="true" />
  <object id="redemptionService" type="IFS.CloudProxies.Trades.RedemptionServiceProxy, IFS.CloudProxies" lazy-init="true" />
  <object id="webfolioService" type="IFS.CloudProxies.Webfolio.WebfolioServiceProxy, IFS.CloudProxies" lazy-init="true" />
  <object id="webfolioTradeUploadService" type="IFS.CloudProxies.Webfolio.WebfolioTradeUploadServiceProxy, IFS.CloudProxies" lazy-init="true" />
  <object id="webfolioTradeDownloadService" type="IFS.CloudProxies.Webfolio.WebfolioTradeDownloadServiceProxy, IFS.CloudProxies" lazy-init="true" />
  <object id="pvtEquitySubscriptionService" type="IFS.CloudProxies.Trades.PvtEquitySubscriptionServiceProxy, IFS.CloudProxies" lazy-init="true" />
  <object id="feesAndTermsBulkService" type="IFS.CloudProxies.FeesAndTermsBulkServiceProxy, IFS.CloudProxies" lazy-init="true" />
  <object id="reportClientSpecificSecurityService" type="IFS.CloudProxies.Reports.ClientSpecificSecurityReportServiceProxy, IFS.CloudProxies" lazy-init="true" />
  <object id="reportHoldingsHelperService" type="IFS.CloudProxies.Reports.HoldingsReportHelperServiceProxy, IFS.CloudProxies" lazy-init="true" />
  <object id="reportServiceDetailsNightly" type="IFS.CloudProxies.Reports.DetailsNightlyServiceProxy, IFS.CloudProxies" lazy-init="true" />
  <object id="reportPriceEntryDetailsService" type="IFS.CloudProxies.Reports.PriceEntryDetailsReportServiceProxy, IFS.CloudProxies" lazy-init="true" />
  <object id="reportBenchmarkFilesUpload" type="IFS.CloudProxies.Reports.BenchmarkFilesUploadServiceProxy, IFS.CloudProxies" lazy-init="true" />
  <object id="fXLoaderService" type="IFS.CloudProxies.FXLoaderServiceProxy, IFS.CloudProxies" lazy-init="true" />
</objects>
