﻿<root>
  <cafm use="true"/>
  <gsmfunds>
    <fund name="TC_CP_ATTDEL_01" formofentity="LLC">
      <classes>
        <class name="Class_ATTDEL_01" issuedate="01/01/2010" offerprice="43">
          <serieses>
            <series name="Series_ATTDEL_01">
              <cpprices>
                <price return="5" isapproved="true" effectivedate="01/01/2012" received="10/01/2011" pricedate="01/01/2012">
                  <attachments>
                    <attachment filename="file1(CP).pdf" contents="Version1" isapproved="true" attachmentdate="01/01/2012"/>
                    <attachment filename="file2(CP).pdf" contents="Version2" isrejected="true" attachmentdate="01/06/2012"/>
                    <attachment filename="file3(CP).pdf" contents="Version3" isapproved="false" attachmentdate="05/07/2012"/>
                  </attachments>
                </price>
              </cpprices>
            </series>
          </serieses>
        </class>
      </classes>
    </fund>

    <fund name="TC_CP_ATTDEL_02" formofentity="LLC">
      <classes>
        <class name="Class_ATTDEL_02" issuedate="01/01/2010" offerprice="43">
          <serieses>
            <series name="Series_ATTDEL_02">
              <cpprices>
                <price return="5" isapproved="true" effectivedate="01/01/2012" received="10/01/2011" pricedate="01/01/2012">
                  <attachments>
                    <attachment filename="file1(CP).pdf" contents="Version1" isapproved="true" attachmentdate="01/01/2012"/>
                    <attachment filename="file2(CP).pdf" contents="Version2" isrejected="true" attachmentdate="01/06/2012"/>
                    <attachment filename="file3(CP).pdf" contents="Version3" isapproved="false" attachmentdate="05/07/2012"/>
                  </attachments>
                </price>
              </cpprices>
            </series>
          </serieses>
        </class>
      </classes>
    </fund>

    <fund name="TC_CP_ATTDEL_03" formofentity="LLC">
      <classes>
        <class name="Class_ATTDEL_03_1" issuedate="11/01/2011">
          <serieses>
            <series name="Series_ATTDEL_03_1" issuedate="11/01/2011" offerprice="123">
              <cpprices>
                <price nav="100.09" isrejected="true" effectivedate="02/01/2012" received="01/01/2012" pricedate="05/05/2012">
                  <attachments>
                    <attachment filename="file1(CP).pdf" contents="Version1" isrejected="true" attachmentdate="05/07/2012"/>
                  </attachments>
                </price>
              </cpprices>
            </series>
          </serieses>
        </class>
        <class name="Class_ATTDEL_03_2" issuedate="11/01/2011" currency="EUR">
          <serieses>
            <series name="Series_ATTDEL_03_2" offerprice="123" issuedate="11/01/2011">
              <cpprices>
                <price nav="111.09" return="55.43" source="Client" isapproved="true" effectivedate="02/01/2012" received="02/01/2012" pricedate="02/01/2012" >
                  <attachments>
                    <attachment filename="file3(CP).pdf" contents="Version1" isapproved="true" attachmentdate="02/01/2012"/>
                    <attachment filename="file1(CP).pdf" contents="Version1" isrejected="true" attachmentdate="02/04/2012"/>
                    <attachment filename="file2(CP).pdf" contents="Version1" isrejected="true" attachmentdate="02/04/2012"/>
                  </attachments>
                </price>
              </cpprices>
            </series>
          </serieses>
        </class>
      </classes>
    </fund>
  
    <fund name="TC_CP_ATTDEL_04" formofentity="Series Of Shares">
      <classes>
        <class name="Class_ATTDEL_04" issuedate="01/01/2010" offerprice="43">
          <serieses>
            <series name="Series_ATTDEL_04">
              <cpprices>
                <price return="5" isapproved="true" effectivedate="01/01/2012" received="10/01/2011">
                  <attachments>
                    <attachment filename="file(CP).pdf" contents="Version1" isapproved="true" attachmentdate="01/01/2012"/>
                    <attachment filename="file1(CP).pdf" contents="Version1" isrejected="true" attachmentdate="01/02/2012"/>
                  </attachments>
                </price>
              </cpprices>
            </series>
          </serieses>
        </class>
      </classes>
    </fund>

    <fund name="TC_CP_ATTDEL_05" formofentity="LLC">
      <classes>
        <class name="Class_ATTDEL_05" issuedate="01/01/2010" offerprice="43">
          <serieses>
            <series name="Series_ATTDEL_05">
              <cpprices>
                <price return="5" isapproved="false" effectivedate="01/01/2012" received="10/01/2011">
                  <attachments>
                    <attachment filename="file(CP).pdf" contents="Version1" isapproved="false"/>
                    <attachment filename="file1(CP).pdf" contents="Version1" isapproved="false"/>
                  </attachments>
                </price>
              </cpprices>
            </series>
          </serieses>
        </class>
      </classes>
    </fund>

    <fund name="TC_CP_ATTDEL_06" formofentity="LLC">
      <classes>
        <class name="Class_ATTDEL_06" issuedate="01/01/2010" offerprice="43">
          <serieses>
            <series name="Series_ATTDEL_06">
              <cpprices>
                <price return="5" isrejected="true" effectivedate="01/01/2012" received="10/01/2011">
                  <attachments>
                    <attachment filename="file(CP).pdf" contents="Version1" isrejected="true" attachmentdate="01/02/2012"/>
                    <attachment filename="file1(CP).pdf" contents="Version1" isrejected="true" attachmentdate="01/02/2012"/>
                  </attachments>
                </price>
              </cpprices>
            </series>
          </serieses>
        </class>
      </classes>
    </fund>

    <fund name="TC_CP_ATTDEL_07" formofentity="Single NAV">
      <classes>
        <class name="Class_ATTDEL_07" issuedate="01/01/2010" offerprice="43">
          <cpprices>
            <price return="5" isapproved="true" effectivedate="01/01/2012" received="10/01/2011" client="Client1">
              <attachments>
                <attachment filename="file1(CP).pdf" contents="Version1" isapproved="true" attachmentdate="01/01/2012"/>
                <attachment filename="file2(CP).pdf" contents="Version1" isapproved="true" attachmentdate="01/01/2012"/>
                <attachment filename="file3(CP).pdf" contents="Version2" isrejected="true" attachmentdate="01/02/2012"/>
                <attachment filename="file4(CP).pdf" contents="Version3" isapproved="false" attachmentdate="01/03/2012"/>
              </attachments>
              <accepts>
                <accept portfolio="ATTDEL_07"/>
              </accepts>
            </price>
          </cpprices>
        </class>
      </classes>
    </fund>

    <fund name="TC_CP_ATTDEL_08" formofentity="Single NAV">
      <classes>
        <class name="Class_ATTDEL_08" issuedate="01/01/2010" offerprice="43">
          <cpprices>
            <price return="5" isapproved="true" effectivedate="01/01/2012" received="10/01/2011" client="Client1">
              <attachments>
                <attachment filename="file(CP).pdf" contents="Version1" isapproved="true" />
                <attachment filename="file1(CP).pdf" contents="Version1" isapproved="true" attachmentdate="01/02/2012"/>
              </attachments>
              <accepts>
                <accept portfolio="ATTDEL_08"/>
              </accepts>
            </price>
          </cpprices>
        </class>
      </classes>
    </fund>

    <fund name="TC_CP_ATTDEL_09" formofentity="Single NAV">
      <classes>
        <class name="Class_ATTDEL_09" issuedate="01/01/2010" offerprice="43">
          <cpprices>
            <price return="5" isapproved="true" effectivedate="01/01/2012" received="10/01/2011" client="Client1">
              <attachments>
                <attachment filename="file(CP).pdf" contents="Version1" isapproved="true" />
                <attachment filename="file1(CP).pdf" contents="Version1" isapproved="true" />
              </attachments>
              <accepts>
                <accept portfolio="ATTDEL_09"/>
              </accepts>
            </price>
          </cpprices>
        </class>
      </classes>
    </fund>

    <fund name="TC_CP_ATTDEL_10" formofentity="Partnership">
      <classes>
        <class name="Class_ATTDEL_10_1" issuedate="11/01/2011" offerprice="123">
          <cpprices>
            <price return="50.43" source="IM-Discount" isrejected="true" isfinal="true" effectivedate="02/01/2012" received="02/01/2012" group="1" portfolio="Portfolio_ATTDEL_10_1" client="Client1" pricedate="02/01/2012">
              <attachments>
                <attachment filename="file1(CP).pdf" contents="Version1" isrejected="true" attachmentdate="02/04/2012"/>
              </attachments>
            </price>
            <price return="12.45" source="Client" isapproved="true" effectivedate="02/01/2012" received="02/01/2012" pricedate="02/01/2012">
              <attachments>
                <attachment filename="file3(CP).pdf" contents="Version1" isapproved="true" attachmentdate="02/01/2012"/>
                <attachment filename="file1(CP).pdf" contents="Version1" isrejected="true" attachmentdate="02/04/2012"/>
                <attachment filename="file2(CP).pdf" contents="Version1" isrejected="true" attachmentdate="02/04/2012"/>
              </attachments>
            </price>
          </cpprices>
        </class>
        <class name="Class_ATTDEL_10_2" issuedate="11/01/2011" offerprice="123">
          <cpprices>
            <price return="51.43" source="IM-Discount" isapproved="true" effectivedate="02/01/2012" received="02/01/2012" group="1" portfolio="Portfolio_ATTDEL_10_2" client="Client1" pricedate="02/01/2012">
              <attachments>
                <attachment filename="file3(CP).pdf" contents="Version1" isapproved="true" attachmentdate="02/01/2012"/>
                <attachment filename="file1(CP).pdf" contents="Version1" isrejected="true" attachmentdate="02/04/2012"/>
                <attachment filename="file2(CP).pdf" contents="Version1" isrejected="true" attachmentdate="02/04/2012"/>
              </attachments>
            </price>
          </cpprices>
        </class>
      </classes>
    </fund>

    <fund name="TC_CP_ATTDEL_11_1" formofentity="Partnership">
      <classes>
        <class name="Class_ATTDEL_11_1" issuedate="01/01/2011" offerprice="123">
          <cpprices>
            <price return="1"  effectivedate="01/31/2012" received="01/31/2012" pricedate="01/31/2012"  portfolio="Portfolio_ATTDEL_11_2" client="Client1" group="1" isapproved="true">
              <attachments>
                <attachment filename="file1(CP).pdf" contents="Version1" isapproved="true" />
              </attachments>
            </price>
             <price return="2"  effectivedate="02/29/2012" received="02/29/2012" pricedate="02/29/2012"  group="1" isapproved="true">
              <attachments>
                <attachment filename="file1(CP).pdf" contents="Version1" isapproved="true" />
              </attachments>
            </price>
          </cpprices>
        </class>
        <class name="Class_ATTDEL_11_2" issuedate="01/01/2011" offerprice="123">
          <cpprices>
            <price return="3"  effectivedate="01/31/2012" received="01/31/2012" pricedate="01/31/2012"  client ="All Clients" group="1" isapproved="true">
              <attachments>
                <attachment filename="file1(CP).pdf" contents="Version1" isapproved="true" />
              </attachments>
            </price>
            <price return="4"  effectivedate="02/29/12" received="02/29/12" pricedate="02/29/12"  portfolio="Portfolio_ATTDEL_11_1" client="Client1" group="1" isapproved="true">
              <attachments>
                <attachment filename="file1(CP).pdf" contents="Version1" isapproved="true" />
                <attachment filename="file2(CP).pdf" contents="Version1" isapproved="true" />
              </attachments>
            </price>
          </cpprices>
        </class>
      </classes>
    </fund>

  </gsmfunds>

  <clientfunds>
    <fund name="TC_CP_ATTDEL_03" client="Client1" gsmfundname="TC_CP_ATTDEL_03" >
      <classes>
        <class name="Class_ATTDEL_03_1" gsmclassname="Class_ATTDEL_03_1">
          <serieses>
            <series name="Series_ATTDEL_03_1" gsmseriesname="Series_ATTDEL_03_1"/>
          </serieses>
        </class>
        <class name="Class_ATTDEL_03_2" gsmclassname="Class_ATTDEL_03_2">
          <serieses>
            <series name="Series_ATTDEL_03_2" gsmseriesname="Series_ATTDEL_03_2"/>
          </serieses>
        </class>
      </classes>
    </fund>

    <fund name="TC_CP_ATTDEL_07_CL" client="Client1" gsmfundname="TC_CP_ATTDEL_07" >
      <classes>
        <class name="Class_ATTDEL_07_CL" gsmclassname="Class_ATTDEL_07" />
      </classes>
    </fund>

    <fund name="TC_CP_ATTDEL_08_CL" client="Client1" gsmfundname="TC_CP_ATTDEL_08" >
      <classes>
        <class name="Class_ATTDEL_08_CL" gsmclassname="Class_ATTDEL_08" />
      </classes>
    </fund>

    <fund name="TC_CP_ATTDEL_09_CL" client="Client1" gsmfundname="TC_CP_ATTDEL_09" >
      <classes>
        <class name="Class_ATTDEL_09_CL" gsmclassname="Class_ATTDEL_09" />
      </classes>
    </fund>

    <fund name="TC_CP_ATTDEL_10" client="Client1" gsmfundname="TC_CP_ATTDEL_10" >
      <classes>
        <class name="Class_ATTDEL_10_1" gsmclassname="Class_ATTDEL_10_1" />
        <class name="Class_ATTDEL_10_2" gsmclassname="Class_ATTDEL_10_2" />
      </classes>
    </fund>

    <fund name="TC_CP_ATTDEL_11_1_Client1" client="Client1" gsmfundname="TC_CP_ATTDEL_11_1" >
      <classes>
        <class name="Class_ATTDEL_11_1" gsmclassname="Class_ATTDEL_11_1" />
        <class name="Class_ATTDEL_11_2" gsmclassname="Class_ATTDEL_11_1" />
        <class name="Class_ATTDEL_11_3" gsmclassname="Class_ATTDEL_11_2" />
      </classes>
    </fund>

    <fund name="TC_CP_ATTDEL_11_1_Client2" client="Client2" gsmfundname="TC_CP_ATTDEL_11_1" >
      <classes>
        <class name="Class_ATTDEL_11_1" gsmclassname="Class_ATTDEL_11_1" />
        <class name="Class_ATTDEL_11_2" gsmclassname="Class_ATTDEL_11_2" />
      </classes>
    </fund>
    
  </clientfunds>

  <portfolios>
    <portfolio name="ATTDEL_03" client="Client1" issuedate="10/01/2011" offerprice="100" initializationdate="10/01/2011">
      <clearers>
        <clearer name="Clearer_AttachmentsReject" />
      </clearers>
      <subscriptions>
        <subscription clientfund = "TC_CP_ATTDEL_03" securityname = "Series_ATTDEL_03_1" quantity = "10" clearer="Clearer_AttachmentsReject" effectivedate="01/01/2012" tradedate="01/02/2012" moneymovedate="01/02/2012" />
        <subscription clientfund = "TC_CP_ATTDEL_03" securityname = "Series_ATTDEL_03_2" quantity = "10" clearer="Clearer_AttachmentsReject" effectivedate="01/01/2012" tradedate="01/02/2012" moneymovedate="01/02/2012" />
      </subscriptions>
    </portfolio>
 
    <portfolio name="ATTDEL_07" client="Client1" issuedate="10/01/2011" offerprice="100" initializationdate="10/01/2011">
      <clearers>
        <clearer name="Clearer_Attachments" />
      </clearers>
      <subscriptions>
        <subscription clientfund = "TC_CP_ATTDEL_07_CL" securityname = "Class_ATTDEL_07_CL" quantity = "10" clearer="Clearer_Attachments" effectivedate="01/01/2011" tradedate="01/01/2011" moneymovedate="01/01/2011" />
      </subscriptions>
    </portfolio>

    <portfolio name="ATTDEL_08" client="Client1" issuedate="10/01/2011" offerprice="100" initializationdate="10/01/2011">
      <clearers>
        <clearer name="Clearer_Attachments" />
      </clearers>
      <subscriptions>
        <subscription clientfund = "TC_CP_ATTDEL_08_CL" securityname = "Class_ATTDEL_08_CL" quantity = "10" clearer="Clearer_Attachments" effectivedate="01/01/2011" tradedate="01/01/2011" moneymovedate="01/01/2011" />
      </subscriptions>
    </portfolio>

    <portfolio name="ATTDEL_09" client="Client1" issuedate="10/01/2011" offerprice="100" initializationdate="10/01/2011">
      <clearers>
        <clearer name="Clearer_Attachments" />
      </clearers>
      <subscriptions>
        <subscription clientfund = "TC_CP_ATTDEL_09_CL" securityname = "Class_ATTDEL_09_CL" quantity = "10" clearer="Clearer_Attachments" effectivedate="01/01/2011" tradedate="01/01/2011" moneymovedate="01/01/2011" />
      </subscriptions>
    </portfolio>

    <portfolio name="Portfolio_ATTDEL_10_1" client="Client1" issuedate="01/01/2001" offerprice="100" initializationdate="01/01/2001">
      <clearers>
        <clearer name="Clearer_AttachmentsReject" />
      </clearers>
      <subscriptions>
        <subscription clientfund = "TC_CP_ATTDEL_10" securityname = "Class_ATTDEL_10_1" quantity = "10" clearer="Clearer_AttachmentsReject" effectivedate="01/01/2012" tradedate="01/02/2012" moneymovedate="01/02/2012" />
      </subscriptions>
    </portfolio>

    <portfolio name="Portfolio_ATTDEL_10_2" client="Client1" issuedate="01/01/2001" offerprice="100" initializationdate="01/01/2001">
      <clearers>
        <clearer name="Clearer_AttachmentsReject" />
      </clearers>
      <subscriptions>
        <subscription clientfund = "TC_CP_ATTDEL_10" securityname = "Class_ATTDEL_10_2" quantity = "10" clearer="Clearer_AttachmentsReject" effectivedate="01/01/2012" tradedate="01/02/2012" moneymovedate="01/02/2012" />
      </subscriptions>
    </portfolio>

    <portfolio name="Portfolio_ATTDEL_11_1" client="Client1" issuedate="01/01/2001" offerprice="100" initializationdate="01/01/2001">
      <clearers>
        <clearer name="Clearer_AttachmentsReject" />
      </clearers>
      <subscriptions>
        <subscription clientfund = "TC_CP_ATTDEL_11_1_Client1" securityname = "Class_ATTDEL_11_1" quantity = "10" clearer="Clearer_AttachmentsReject" effectivedate="01/01/2011" tradedate="01/02/2011" moneymovedate="01/02/2011" />
        <subscription clientfund = "TC_CP_ATTDEL_11_1_Client1" securityname = "Class_ATTDEL_11_2" quantity = "10" clearer="Clearer_AttachmentsReject" effectivedate="01/01/2011" tradedate="01/02/2011" moneymovedate="01/02/2011" />
      </subscriptions>
    </portfolio>

    <portfolio name="Portfolio_ATTDEL_11_2" client="Client1" issuedate="01/01/2001" offerprice="100" initializationdate="01/01/2001">
      <clearers>
        <clearer name="Clearer_AttachmentsReject" />
      </clearers>
      <subscriptions>
        <subscription clientfund = "TC_CP_ATTDEL_11_1_Client1" securityname = "Class_ATTDEL_11_3" quantity = "10" clearer="Clearer_AttachmentsReject" effectivedate="01/01/2011" tradedate="01/02/2011" moneymovedate="01/02/2011" />
      </subscriptions>
    </portfolio>

    <portfolio name="Portfolio_ATTDEL_11_1" client="Client2" issuedate="01/01/2001" offerprice="100" initializationdate="01/01/2001">
      <clearers>
        <clearer name="Clearer_AttachmentsReject" />
      </clearers>
      <subscriptions>
        <subscription clientfund = "TC_CP_ATTDEL_11_1_Client2" securityname = "Class_ATTDEL_11_1" quantity = "10" clearer="Clearer_AttachmentsReject" effectivedate="01/01/2011" tradedate="01/02/2011" moneymovedate="01/02/2011" />
        <subscription clientfund = "TC_CP_ATTDEL_11_1_Client2" securityname = "Class_ATTDEL_11_2" quantity = "10" clearer="Clearer_AttachmentsReject" effectivedate="01/01/2011" tradedate="01/02/2011" moneymovedate="01/02/2011" />
      </subscriptions>
    </portfolio>
    
  </portfolios>
</root>