﻿<?xml version="1.0"?>
<!DOCTYPE process SYSTEM "ProcessDefinition.dtd">
<process name="FXLoaderService_LoadRates" default_retries="2" default_timeout="1000">
  <state name="start">
    <component-affinity component="AffinityMethods" method="CacheAffinity">
      <resource-argument request-key="cacheItems"/>
      <rank-argument rank-type="maxWeight"/>
    </component-affinity>
    <component-action component="FXLoaderService" method="LoadRates">
      <arguments>
        <argument expression="request['parameters']"/>
      </arguments>
      <return-value expression="request['result']" />
    </component-action>
    <arc task-status="complete" next-state="finish"/>
  </state>
</process>
